case,variant,rep,position,wall_ns,user_us,sys_us,minflt,majflt,nvcsw,nivcsw,stderr
random_00,mp_shhalfp1_d3_ck,0,0,29677175,24450,5093,370,0,1,2,
random_00,mp_wippsh_d3,0,1,29486426,26426,2936,365,0,1,1,
random_00,mp_wippsh_d3_ck,0,2,29034104,26919,1994,368,0,1,1,
random_00,mp_wippsh_d4_ck,0,3,29173947,23041,6010,369,0,1,2,
random_00,ref_adamant_401223,0,4,39847804,31779,7944,2511,0,1,1,
random_01,mp_shhalfp1_d3_ck,0,0,28862871,24776,3964,356,0,1,2,
random_01,mp_wippsh_d3,0,1,28445736,25297,3035,354,0,1,1,
random_01,mp_wippsh_d3_ck,0,2,28296083,23142,5030,357,0,1,2,
random_01,mp_wippsh_d4_ck,0,3,28945086,22858,5963,356,0,1,1,
random_01,ref_adamant_401223,0,4,40184318,30053,10017,2880,0,1,1,
random_02,mp_shhalfp1_d3_ck,0,0,21617828,17593,3909,348,0,1,1,
random_02,mp_wippsh_d3,0,1,21693190,16655,4898,347,0,1,2,
random_02,mp_wippsh_d3_ck,0,2,21263450,16105,5032,346,0,1,1,
random_02,mp_wippsh_d4_ck,0,3,21090874,19965,998,348,0,1,2,
random_02,ref_adamant_401223,0,4,33690435,25424,8135,3721,0,1,1,
max_random_00,mp_shhalfp1_d3_ck,0,0,59299350,54156,5014,508,0,1,1,
max_random_00,mp_wippsh_d3,0,1,58325524,48172,10035,502,0,1,1,
max_random_00,mp_wippsh_d3_ck,0,2,58832760,51729,6963,506,0,1,3,
max_random_00,mp_wippsh_d4_ck,0,3,59389060,51226,8035,509,0,1,1,
max_random_00,ref_adamant_401223,0,4,74113587,60948,12989,3743,0,1,5,
max_random_01,mp_shhalfp1_d3_ck,0,0,59352321,52188,7025,503,0,1,2,
max_random_01,mp_wippsh_d3,0,1,58573551,50391,8062,507,0,1,2,
max_random_01,mp_wippsh_d3_ck,0,2,58338829,48169,10035,506,0,1,2,
max_random_01,mp_wippsh_d4_ck,0,3,59389951,54233,5021,505,0,1,2,
max_random_01,ref_adamant_401223,0,4,74740851,60679,13926,3742,0,1,3,
max_random_02,mp_shhalfp1_d3_ck,0,0,59978741,52884,6984,507,0,1,2,
max_random_02,mp_wippsh_d3,0,1,58888095,53785,4980,509,0,1,3,
max_random_02,mp_wippsh_d3_ck,0,2,58643884,50425,8068,505,0,1,3,
max_random_02,mp_wippsh_d4_ck,0,3,59614645,51418,8065,504,0,1,1,
max_random_02,ref_adamant_401223,0,4,73820465,57535,16150,3744,0,1,1,
random_00,mp_wippsh_d4_ck,1,0,29351142,23192,6050,366,0,1,1,
random_00,mp_wippsh_d3_ck,1,1,29328239,24172,5035,368,0,1,1,
random_00,mp_wippsh_d3,1,2,29569434,24377,5078,365,0,1,1,
random_00,mp_shhalfp1_d3_ck,1,3,29929653,27833,1988,367,0,1,1,
random_00,ref_adamant_401223,1,4,40220991,33082,7017,2511,0,1,1,
random_01,mp_wippsh_d4_ck,1,0,28802738,25714,2967,355,0,1,1,
random_01,mp_wippsh_d3_ck,1,1,28505839,25347,3041,360,0,1,1,
random_01,mp_wippsh_d3,1,2,28860827,23775,4953,354,0,1,2,
random_01,mp_shhalfp1_d3_ck,1,3,29306408,25166,4026,355,0,1,1,
random_01,ref_adamant_401223,1,4,38854304,29795,8938,2374,0,1,1,
random_02,mp_wippsh_d4_ck,1,0,21266055,15107,6043,347,0,1,1,
random_02,mp_wippsh_d3_ck,1,1,21325527,17154,4036,345,0,1,1,
random_02,mp_wippsh_d3,1,2,21342979,18175,3029,344,0,1,2,
random_02,mp_shhalfp1_d3_ck,1,3,21602419,19527,1952,346,0,1,1,
random_02,ref_adamant_401223,1,4,33887467,24817,8934,3720,0,1,2,
max_random_00,mp_wippsh_d4_ck,1,0,59695758,48659,10923,508,0,1,1,
max_random_00,mp_wippsh_d3_ck,1,1,58416034,50380,7902,506,0,1,2,
max_random_00,mp_wippsh_d3,1,2,58603939,52430,6049,507,0,1,2,
max_random_00,mp_shhalfp1_d3_ck,1,3,59125592,51002,8000,504,0,1,1,
max_random_00,ref_adamant_401223,1,4,74625353,60587,13905,3743,0,1,2,
max_random_01,mp_wippsh_d4_ck,1,0,59021275,53906,4991,508,0,1,1,
max_random_01,mp_wippsh_d3_ck,1,1,58651589,51587,6944,505,0,1,1,
max_random_01,mp_wippsh_d3,1,2,59013942,51771,7105,505,0,1,2,
max_random_01,mp_shhalfp1_d3_ck,1,3,59570231,51374,8058,504,0,1,3,
max_random_01,ref_adamant_401223,1,4,74559549,60351,14081,3743,0,1,1,
max_random_02,mp_wippsh_d4_ck,1,0,59623261,50551,8920,507,0,1,3,
max_random_02,mp_wippsh_d3_ck,1,1,58640818,51567,6941,504,0,1,2,
max_random_02,mp_wippsh_d3,1,2,58791192,48703,9939,504,0,1,3,
max_random_02,mp_shhalfp1_d3_ck,1,3,59413677,49389,9877,506,0,1,3,
max_random_02,ref_adamant_401223,1,4,75692976,59643,15904,3744,0,1,3,
random_00,mp_wippsh_d3_ck,2,0,29323430,26174,3020,370,0,1,2,
random_00,mp_wippsh_d4_ck,2,1,29377332,24383,4876,367,0,1,1,
random_00,ref_adamant_401223,2,2,39989564,32695,7152,2510,0,1,1,
random_00,mp_shhalfp1_d3_ck,2,3,29835997,24755,4951,369,0,1,1,
random_00,mp_wippsh_d3,2,4,29702695,25506,4080,363,0,1,1,
random_01,mp_wippsh_d3_ck,2,0,28560191,23356,5077,358,0,1,2,
random_01,mp_wippsh_d4_ck,2,1,28867971,25780,2974,354,0,1,1,
random_01,ref_adamant_401223,2,2,39609458,35445,4050,2881,0,1,1,
random_01,mp_shhalfp1_d3_ck,2,3,28989059,24889,3982,353,0,1,1,
random_01,mp_wippsh_d3,2,4,28901905,23824,4963,352,0,1,1,
random_02,mp_wippsh_d3_ck,2,0,21090283,17980,2996,346,0,1,1,
random_02,mp_wippsh_d4_ck,2,1,21225649,19177,1917,345,0,1,1,
random_02,ref_adamant_401223,2,2,34151205,26021,8006,3723,0,1,1,
random_02,mp_shhalfp1_d3_ck,2,3,21381954,17209,4049,347,0,1,1,
random_02,mp_wippsh_d3,2,4,21326590,16381,4818,344,0,1,1,
max_random_00,mp_wippsh_d3_ck,2,0,58986731,52885,5987,508,0,1,1,
max_random_00,mp_wippsh_d4_ck,2,1,59964665,53861,5984,508,0,1,1,
max_random_00,ref_adamant_401223,2,2,74898498,60785,13950,3744,0,1,3,
max_random_00,mp_shhalfp1_d3_ck,2,3,59792731,54601,5055,507,0,1,2,
max_random_00,mp_wippsh_d3,2,4,58461380,49281,9051,504,0,1,1,
max_random_01,mp_wippsh_d3_ck,2,0,58203303,52062,6007,508,0,1,2,
max_random_01,mp_wippsh_d4_ck,2,1,59419597,50247,9044,507,0,1,2,
max_random_01,ref_adamant_401223,2,2,74187056,62043,12008,3746,0,1,2,
max_random_01,mp_shhalfp1_d3_ck,2,3,59318216,50152,9027,506,0,1,2,
max_random_01,mp_wippsh_d3,2,4,58469916,49284,9052,509,0,1,2,
max_random_02,mp_wippsh_d3_ck,2,0,58330703,53189,5017,505,0,1,1,
max_random_02,mp_wippsh_d4_ck,2,1,59345377,50199,9035,505,0,1,1,
max_random_02,ref_adamant_401223,2,2,74675247,62464,12089,3746,0,1,1,
max_random_02,mp_shhalfp1_d3_ck,2,3,59244216,51104,8016,506,0,1,1,
max_random_02,mp_wippsh_d3,2,4,58505132,48491,9896,507,0,1,2,
random_00,mp_wippsh_d3,3,0,29608567,24576,4915,368,0,1,1,
random_00,mp_shhalfp1_d3_ck,3,1,29718755,26642,2960,369,0,1,1,
random_00,ref_adamant_401223,3,2,40204580,32072,8018,2510,0,1,1,
random_00,mp_wippsh_d4_ck,3,3,29345201,22381,6811,369,0,1,3,
random_00,mp_wippsh_d3_ck,3,4,29375668,25353,3900,366,0,1,1,
random_01,mp_wippsh_d3,3,0,28609934,22590,5893,355,0,1,1,
random_01,mp_shhalfp1_d3_ck,3,1,29002885,23906,4980,353,0,1,1,
random_01,ref_adamant_401223,3,2,39818703,29772,9924,2886,0,1,1,
random_01,mp_wippsh_d4_ck,3,3,28493325,22292,6079,357,0,1,2,
random_01,mp_wippsh_d3_ck,3,4,28442579,25394,2930,352,0,1,1,
random_02,mp_wippsh_d3,3,0,21585457,17383,4090,345,0,1,1,
random_02,mp_shhalfp1_d3_ck,3,1,21397322,16441,4835,346,0,1,1,
random_02,ref_adamant_401223,3,2,34040916,23946,9977,3723,0,1,1,
random_02,mp_wippsh_d4_ck,3,3,21239144,17096,4022,347,0,1,1,
random_02,mp_wippsh_d3_ck,3,4,20943296,14879,5951,346,0,1,1,
max_random_00,mp_wippsh_d3,3,0,58368164,50346,7897,508,0,1,1,
max_random_00,mp_shhalfp1_d3_ck,3,1,59436919,53276,6031,506,0,1,2,
max_random_00,ref_adamant_401223,3,2,75055184,60929,13983,3742,0,1,3,
max_random_00,mp_wippsh_d4_ck,3,3,59555343,54487,4953,506,0,1,2,
max_random_00,mp_wippsh_d3_ck,3,4,59048147,52918,5990,505,0,1,2,
max_random_01,mp_wippsh_d3,3,0,58601194,49561,8921,508,0,1,1,
max_random_01,mp_shhalfp1_d3_ck,3,1,59379161,49388,9877,507,0,1,1,
max_random_01,ref_adamant_401223,3,2,75290467,60129,15032,3743,0,1,2,
max_random_01,mp_wippsh_d4_ck,3,3,59421040,51257,8040,505,0,1,1,
max_random_01,mp_wippsh_d3_ck,3,4,58727241,49512,9094,505,0,1,1,
max_random_02,mp_wippsh_d3,3,0,58775542,51689,6958,505,0,1,1,
max_random_02,mp_shhalfp1_d3_ck,3,1,59291225,53147,6016,509,0,1,2,
max_random_02,ref_adamant_401223,3,2,74387435,61200,13042,3745,0,1,3,
max_random_02,mp_wippsh_d4_ck,3,3,59383299,49208,10042,510,0,1,2,
max_random_02,mp_wippsh_d3_ck,3,4,58331245,50312,7892,509,0,1,2,
random_00,ref_adamant_401223,4,0,41079460,32951,7988,3022,0,1,2,
random_00,mp_shhalfp1_d3_ck,4,1,29812412,23752,5938,368,0,1,1,
random_00,mp_wippsh_d3,4,2,29566569,22570,6869,368,0,1,2,
random_00,mp_wippsh_d3_ck,4,3,29452192,23253,6066,368,0,1,1,
random_00,mp_wippsh_d4_ck,4,4,29410474,25255,4040,368,0,1,1,
random_01,ref_adamant_401223,4,0,39078507,29972,8991,2370,0,1,1,
random_01,mp_shhalfp1_d3_ck,4,1,29020248,23922,4983,357,0,1,1,
random_01,mp_wippsh_d3,4,2,28446877,24286,4047,349,0,1,1,
random_01,mp_wippsh_d3_ck,4,3,28369241,24220,4036,358,0,1,1,
random_01,mp_wippsh_d4_ck,4,4,28410318,24384,3901,354,0,1,2,
random_02,ref_adamant_401223,4,0,34279076,25117,9042,3718,0,1,1,
random_02,mp_shhalfp1_d3_ck,4,1,21426487,18240,3040,344,0,1,2,
random_02,mp_wippsh_d3,4,2,21582572,17364,4085,343,0,1,1,
random_02,mp_wippsh_d3_ck,4,3,21186245,18060,3010,347,0,1,1,
random_02,mp_wippsh_d4_ck,4,4,21090995,16977,3994,345,0,1,1,
max_random_00,ref_adamant_401223,4,0,73815225,60727,12941,3743,0,1,3,
max_random_00,mp_shhalfp1_d3_ck,4,1,59254746,53130,6014,507,0,1,1,
max_random_00,mp_wippsh_d3,4,2,58554656,52451,5937,506,0,1,4,
max_random_00,mp_wippsh_d3_ck,4,3,58212060,52066,6007,506,0,1,3,
max_random_00,mp_wippsh_d4_ck,4,4,59515488,49315,10064,507,0,1,2,
max_random_01,ref_adamant_401223,4,0,74110452,59970,13993,3744,0,1,3,
max_random_01,mp_shhalfp1_d3_ck,4,1,59248485,50112,9020,508,0,1,1,
max_random_01,mp_wippsh_d3,4,2,58649124,51439,7060,508,0,1,2,
max_random_01,mp_wippsh_d3_ck,4,3,58533816,49498,8909,505,0,1,2,
max_random_01,mp_wippsh_d4_ck,4,4,59646626,50427,9076,508,0,1,2,
max_random_02,ref_adamant_401223,4,0,74395349,59214,15054,3745,0,1,1,
max_random_02,mp_shhalfp1_d3_ck,4,1,59249035,50105,9019,505,0,1,1,
max_random_02,mp_wippsh_d3,4,2,58857086,53748,4976,504,0,1,1,
max_random_02,mp_wippsh_d3_ck,4,3,58385016,50223,8035,507,0,1,2,
max_random_02,mp_wippsh_d4_ck,4,4,59378720,50223,9040,509,0,1,1,
