case,variant,rep,position,wall_ns,user_us,sys_us,minflt,majflt,nvcsw,nivcsw,main_ns,mapped_ns,parsed_ns,ntt_ns,written_ns,write_syscall_ns
random_02,final,0,0,459755961,324703,134876,4355,0,1,4,0,0,0,0,0,0
random_02,f4b,0,1,426897316,287589,138801,4383,0,1,8,0,0,0,0,0,0
random_02,ms8,0,2,434736394,307161,127066,4389,0,1,9,0,0,0,0,0,0
random_02,ms4,0,3,423094519,285903,136953,4386,0,1,8,0,0,0,0,0,0
random_02,f4c,0,4,429014679,297721,130877,4425,0,1,7,0,0,0,0,0,0
random_02,f4e,0,5,429976183,298577,130814,4664,0,1,8,0,0,0,0,0,0
random_02,ref403499,0,6,572449646,445006,127001,5464,0,1,4,0,0,0,0,0,0
max_random_00,final,0,0,524586801,362070,162031,5385,0,1,8,0,0,0,0,0,0
max_random_00,f4b,0,1,480352334,316936,162967,5411,0,1,4,0,0,0,0,0,0
max_random_00,ms8,0,2,492286379,337844,153928,5421,0,1,9,0,0,0,0,0,0
max_random_00,ms4,0,3,473699590,327387,145727,5417,0,1,6,0,0,0,0,0,0
max_random_00,f4c,0,4,481734318,315490,165732,5456,0,1,4,0,0,0,0,0,0
max_random_00,f4e,0,5,479425547,312241,166595,5693,0,1,11,0,0,0,0,0,0
max_random_00,ref403499,0,6,642761860,481408,160802,6502,0,1,7,0,0,0,0,0,0
fft_killer_00,final,0,0,525171450,370724,153885,5445,0,1,7,0,0,0,0,0,0
fft_killer_00,f4b,0,1,482644966,319367,162677,5471,0,1,4,0,0,0,0,0,0
fft_killer_00,ms8,0,2,490060819,324589,164791,5474,0,1,8,0,0,0,0,0,0
fft_killer_00,ms4,0,3,472548594,312044,160022,5475,0,1,8,0,0,0,0,0,0
fft_killer_00,f4c,0,4,481647612,329030,152014,5509,0,1,4,0,0,0,0,0,0
fft_killer_00,f4e,0,5,479676245,318559,160777,5750,0,1,8,0,0,0,0,0,0
fft_killer_00,ref403499,0,6,606474900,448992,156997,6558,0,1,6,0,0,0,0,0,0
max_ans_zero_00,final,0,0,523647475,351431,171722,5384,0,1,7,0,0,0,0,0,0
max_ans_zero_00,f4b,0,1,480974249,300703,179822,5413,0,1,4,0,0,0,0,0,0
max_ans_zero_00,ms8,0,2,490501403,332963,156982,5420,0,1,7,0,0,0,0,0,0
max_ans_zero_00,ms4,0,3,473928141,311610,161797,5419,0,1,5,0,0,0,0,0,0
max_ans_zero_00,f4c,0,4,481285505,321767,158885,5452,0,1,4,0,0,0,0,0,0
max_ans_zero_00,f4e,0,5,480668477,320421,159711,5694,0,1,8,0,0,0,0,0,0
max_ans_zero_00,ref403499,0,6,639429006,478955,159985,6504,0,1,6,0,0,0,0,0,0
small_and_large_00,final,0,0,374372951,293890,79970,2885,0,1,7,0,0,0,0,0,0
small_and_large_00,f4b,0,1,351361198,257329,93755,2913,0,1,3,0,0,0,0,0,0
small_and_large_00,ms8,0,2,358915390,264691,93890,2917,0,1,5,0,0,0,0,0,0
small_and_large_00,ms4,0,3,348720683,256530,91831,2917,0,1,8,0,0,0,0,0,0
small_and_large_00,f4c,0,4,353066226,263834,88944,2951,0,1,3,0,0,0,0,0,0
small_and_large_00,f4e,0,5,355567088,261300,93748,3193,0,1,4,0,0,0,0,0,0
small_and_large_00,ref403499,0,6,478286369,387181,90807,3970,0,1,3,0,0,0,0,0,0
all_same_00,final,0,0,477892247,379662,97912,1347,0,1,4,0,0,0,0,0,0
all_same_00,f4b,0,1,453900275,298562,154773,1376,0,1,5,0,0,0,0,0,0
all_same_00,ms8,0,2,464132192,311629,151819,1391,0,1,4,0,0,0,0,0,0
all_same_00,ms4,0,3,449945296,308594,140814,1390,0,1,7,0,0,0,0,0,0
all_same_00,f4c,0,4,454662987,298427,155701,1417,0,1,7,0,0,0,0,0,0
all_same_00,f4e,0,5,454007026,308669,144845,1653,0,1,5,0,0,0,0,0,0
all_same_00,ref403499,0,6,597177412,488725,107939,2463,0,1,4,0,0,0,0,0,0
