case,program,wall_ms,exit,verdict
example_00,final,137,0,byte-exact
example_00,both,124,0,checker-ok
example_01,final,128,0,byte-exact
example_01,both,133,0,byte-exact
small_00,final,131,0,byte-exact
small_00,both,129,0,byte-exact
small_01,final,132,0,byte-exact
small_01,both,131,0,byte-exact
small_02,final,127,0,byte-exact
small_02,both,130,0,checker-ok
small_03,final,127,0,byte-exact
small_03,both,128,0,byte-exact
small_04,final,130,0,byte-exact
small_04,both,125,0,checker-ok
small_05,final,129,0,byte-exact
small_05,both,126,0,byte-exact
small_06,final,133,0,byte-exact
small_06,both,123,0,byte-exact
small_07,final,126,0,byte-exact
small_07,both,129,0,byte-exact
small_08,final,126,0,byte-exact
small_08,both,136,0,byte-exact
small_09,final,130,0,byte-exact
small_09,both,138,0,byte-exact
small_10,final,127,0,byte-exact
small_10,both,139,0,checker-ok
small_11,final,132,0,byte-exact
small_11,both,126,0,byte-exact
small_12,final,129,0,byte-exact
small_12,both,127,0,byte-exact
small_13,final,126,0,byte-exact
small_13,both,133,0,checker-ok
small_14,final,127,0,byte-exact
small_14,both,131,0,checker-ok
small_15,final,124,0,byte-exact
small_15,both,130,0,checker-ok
medium_00,final,130,0,byte-exact
medium_00,both,127,0,checker-ok
medium_01,final,128,0,byte-exact
medium_01,both,127,0,checker-ok
medium_02,final,126,0,byte-exact
medium_02,both,128,0,checker-ok
random_00,final,358,0,byte-exact
random_00,both,349,0,checker-ok
random_01,final,383,0,byte-exact
random_01,both,377,0,checker-ok
random_02,final,594,0,byte-exact
random_02,both,576,0,checker-ok
max_random_00,final,653,0,byte-exact
max_random_00,both,628,0,checker-ok
max_random_01,final,655,0,byte-exact
max_random_01,both,626,0,checker-ok
fft_killer_00,final,647,0,byte-exact
fft_killer_00,both,632,0,checker-ok
fft_killer_01,final,643,0,byte-exact
fft_killer_01,both,639,0,checker-ok
fft_killer_02,final,649,0,byte-exact
fft_killer_02,both,632,0,checker-ok
fft_killer_03,final,658,0,byte-exact
fft_killer_03,both,634,0,checker-ok
fft_killer_04,final,651,0,byte-exact
fft_killer_04,both,630,0,checker-ok
fft_killer_05,final,647,0,byte-exact
fft_killer_05,both,630,0,checker-ok
fft_killer_06,final,644,0,byte-exact
fft_killer_06,both,635,0,checker-ok
fft_killer_07,final,658,0,byte-exact
fft_killer_07,both,635,0,checker-ok
fft_killer_08,final,655,0,byte-exact
fft_killer_08,both,638,0,checker-ok
fft_killer_09,final,662,0,byte-exact
fft_killer_09,both,637,0,checker-ok
medium_all_zero_00,final,147,0,byte-exact
medium_all_zero_00,both,123,0,checker-ok
medium_all_zero_01,final,130,0,byte-exact
medium_all_zero_01,both,127,0,checker-ok
medium_all_zero_02,final,125,0,byte-exact
medium_all_zero_02,both,127,0,checker-ok
max_ans_zero_00,final,654,0,byte-exact
max_ans_zero_00,both,633,0,checker-ok
signed_overflow_00,final,131,0,byte-exact
signed_overflow_00,both,128,0,checker-ok
unsigned_overflow_00,final,131,0,byte-exact
unsigned_overflow_00,both,127,0,checker-ok
medium_pre_suf_zero_00,final,128,0,byte-exact
medium_pre_suf_zero_00,both,144,0,checker-ok
medium_pre_suf_zero_01,final,136,0,byte-exact
medium_pre_suf_zero_01,both,126,0,checker-ok
medium_pre_suf_zero_02,final,127,0,byte-exact
medium_pre_suf_zero_02,both,131,0,checker-ok
medium_pre_suf_zero_03,final,136,0,byte-exact
medium_pre_suf_zero_03,both,137,0,checker-ok
medium_pre_suf_zero_04,final,131,0,byte-exact
medium_pre_suf_zero_04,both,128,0,checker-ok
small_and_large_00,final,505,0,byte-exact
small_and_large_00,both,493,0,checker-ok
small_and_large_01,final,509,0,byte-exact
small_and_large_01,both,496,0,checker-ok
small_and_large_02,final,509,0,byte-exact
small_and_large_02,both,493,0,checker-ok
small_and_large_03,final,505,0,byte-exact
small_and_large_03,both,495,0,checker-ok
all_same_00,final,613,0,byte-exact
all_same_00,both,604,0,checker-ok
all_same_01,final,645,0,byte-exact
all_same_01,both,632,0,checker-ok
all_same_02,final,637,0,byte-exact
all_same_02,both,632,0,checker-ok
