job,cpu,mode,log2,variant,median_ms,min_ms,max_ms,speedup_vs_h14
h14-1,AMD EPYC 7763 64-Core Processor,fresh,12,asm_leaf_inplace,0.015709,0.015610,0.016050,1.000064
h14-1,AMD EPYC 7763 64-Core Processor,fresh,12,asm_radix4_pair,0.016361,0.016180,0.016571,0.960210
h14-1,AMD EPYC 7763 64-Core Processor,fresh,12,asm_radix4_pair_fixed,0.015649,0.015469,0.016070,1.003898
h14-1,AMD EPYC 7763 64-Core Processor,fresh,12,asm_radix4_pair_large,0.015809,0.015569,0.015980,0.993738
h14-1,AMD EPYC 7763 64-Core Processor,fresh,12,asm_radix4_pair_large_fixed,0.015458,0.015228,0.015609,1.016302
h14-1,AMD EPYC 7763 64-Core Processor,fresh,12,asm_radix4_pair_leaf,0.016521,0.016360,0.022592,0.950911
h14-1,AMD EPYC 7763 64-Core Processor,fresh,12,asm_radix4_serial,0.016341,0.016230,0.016641,0.961385
h14-1,AMD EPYC 7763 64-Core Processor,fresh,12,asm_radix4_serial_large,0.015850,0.015639,0.016852,0.991167
h14-1,AMD EPYC 7763 64-Core Processor,fresh,12,h14_fixed_bottom,0.015549,0.015369,0.019296,1.010354
h14-1,AMD EPYC 7763 64-Core Processor,fresh,12,h14_fixed_tile,0.015669,0.015519,0.025979,1.002617
h14-1,AMD EPYC 7763 64-Core Processor,fresh,12,h14_pairmul_all,0.015659,0.015378,0.015930,1.003257
h14-1,AMD EPYC 7763 64-Core Processor,fresh,12,h14_pairmul_small,0.015629,0.015458,0.027251,1.005183
h14-1,AMD EPYC 7763 64-Core Processor,fresh,12,ll_inline_h14,0.015710,0.015559,0.018174,1.000000
h14-1,AMD EPYC 7763 64-Core Processor,fresh,12,v91,0.028774,0.028654,0.029034,0.545979
h14-1,AMD EPYC 7763 64-Core Processor,fresh,16,asm_leaf_inplace,0.324376,0.323885,0.335698,1.000678
h14-1,AMD EPYC 7763 64-Core Processor,fresh,16,asm_radix4_pair,0.335506,0.333323,0.347138,0.967482
h14-1,AMD EPYC 7763 64-Core Processor,fresh,16,asm_radix4_pair_fixed,0.325569,0.323875,0.335667,0.997011
h14-1,AMD EPYC 7763 64-Core Processor,fresh,16,asm_radix4_pair_large,0.323975,0.323344,0.335197,1.001917
h14-1,AMD EPYC 7763 64-Core Processor,fresh,16,asm_radix4_pair_large_fixed,0.320930,0.320469,0.332441,1.011423
h14-1,AMD EPYC 7763 64-Core Processor,fresh,16,asm_radix4_pair_leaf,0.335597,0.335376,0.346868,0.967220
h14-1,AMD EPYC 7763 64-Core Processor,fresh,16,asm_radix4_serial,0.335737,0.334646,0.348792,0.966816
h14-1,AMD EPYC 7763 64-Core Processor,fresh,16,asm_radix4_serial_large,0.331108,0.325559,0.336640,0.980333
h14-1,AMD EPYC 7763 64-Core Processor,fresh,16,h14_fixed_bottom,0.325880,0.321591,0.340807,0.996060
h14-1,AMD EPYC 7763 64-Core Processor,fresh,16,h14_fixed_tile,0.321310,0.320680,0.332230,1.010227
h14-1,AMD EPYC 7763 64-Core Processor,fresh,16,h14_pairmul_all,0.322232,0.321751,0.333673,1.007336
h14-1,AMD EPYC 7763 64-Core Processor,fresh,16,h14_pairmul_small,0.331850,0.322292,0.334705,0.978141
h14-1,AMD EPYC 7763 64-Core Processor,fresh,16,ll_inline_h14,0.324596,0.323395,0.360553,1.000000
h14-1,AMD EPYC 7763 64-Core Processor,fresh,16,v91,0.520182,0.509532,0.523498,0.624005
h14-1,AMD EPYC 7763 64-Core Processor,fresh,18,asm_leaf_inplace,1.495180,1.491650,1.520670,0.997365
h14-1,AMD EPYC 7763 64-Core Processor,fresh,18,asm_radix4_pair,1.551290,1.539080,1.570610,0.961290
h14-1,AMD EPYC 7763 64-Core Processor,fresh,18,asm_radix4_pair_fixed,1.497830,1.487740,1.510320,0.995600
h14-1,AMD EPYC 7763 64-Core Processor,fresh,18,asm_radix4_pair_large,1.508220,1.499080,1.526480,0.988742
h14-1,AMD EPYC 7763 64-Core Processor,fresh,18,asm_radix4_pair_large_fixed,1.481520,1.470890,1.485420,1.006561
h14-1,AMD EPYC 7763 64-Core Processor,fresh,18,asm_radix4_pair_leaf,1.548930,1.536990,1.553250,0.962755
h14-1,AMD EPYC 7763 64-Core Processor,fresh,18,asm_radix4_serial,1.557490,1.546040,1.564770,0.957464
h14-1,AMD EPYC 7763 64-Core Processor,fresh,18,asm_radix4_serial_large,1.522600,1.509360,1.541210,0.979404
h14-1,AMD EPYC 7763 64-Core Processor,fresh,18,h14_fixed_bottom,1.489960,1.478680,1.508830,1.000859
h14-1,AMD EPYC 7763 64-Core Processor,fresh,18,h14_fixed_tile,1.496450,1.486330,1.512660,0.996518
h14-1,AMD EPYC 7763 64-Core Processor,fresh,18,h14_pairmul_all,1.495250,1.484360,1.511170,0.997318
h14-1,AMD EPYC 7763 64-Core Processor,fresh,18,h14_pairmul_small,1.501760,1.490150,1.566550,0.992995
h14-1,AMD EPYC 7763 64-Core Processor,fresh,18,ll_inline_h14,1.491240,1.487510,1.528990,1.000000
h14-1,AMD EPYC 7763 64-Core Processor,fresh,18,v91,2.303440,2.284340,2.347750,0.647397
h14-1,AMD EPYC 7763 64-Core Processor,fresh,19,asm_leaf_inplace,3.126030,3.114140,3.240800,0.996158
h14-1,AMD EPYC 7763 64-Core Processor,fresh,19,asm_radix4_pair,3.192180,3.189510,3.677660,0.975515
h14-1,AMD EPYC 7763 64-Core Processor,fresh,19,asm_radix4_pair_fixed,3.119710,3.110940,3.555370,0.998176
h14-1,AMD EPYC 7763 64-Core Processor,fresh,19,asm_radix4_pair_large,3.110430,3.109020,3.131940,1.001154
h14-1,AMD EPYC 7763 64-Core Processor,fresh,19,asm_radix4_pair_large_fixed,3.085080,3.080880,3.117260,1.009381
h14-1,AMD EPYC 7763 64-Core Processor,fresh,19,asm_radix4_pair_leaf,3.218310,3.206080,3.458200,0.967595
h14-1,AMD EPYC 7763 64-Core Processor,fresh,19,asm_radix4_serial,3.209500,3.203390,3.219910,0.970251
h14-1,AMD EPYC 7763 64-Core Processor,fresh,19,asm_radix4_serial_large,3.133570,3.128890,3.369910,0.993761
h14-1,AMD EPYC 7763 64-Core Processor,fresh,19,h14_fixed_bottom,3.095190,3.088830,3.116830,1.006084
h14-1,AMD EPYC 7763 64-Core Processor,fresh,19,h14_fixed_tile,3.088020,3.081570,3.098880,1.008420
h14-1,AMD EPYC 7763 64-Core Processor,fresh,19,h14_pairmul_all,3.094660,3.090230,3.103380,1.006256
h14-1,AMD EPYC 7763 64-Core Processor,fresh,19,h14_pairmul_small,3.103720,3.099210,3.116210,1.003319
h14-1,AMD EPYC 7763 64-Core Processor,fresh,19,ll_inline_h14,3.114020,3.110350,3.895730,1.000000
h14-1,AMD EPYC 7763 64-Core Processor,fresh,19,v91,4.759700,4.735020,5.113380,0.654247
h14-1,AMD EPYC 7763 64-Core Processor,fresh,20,asm_leaf_inplace,6.589530,6.579410,6.629190,0.997895
h14-1,AMD EPYC 7763 64-Core Processor,fresh,20,asm_radix4_pair,6.753430,6.723090,6.841500,0.973677
h14-1,AMD EPYC 7763 64-Core Processor,fresh,20,asm_radix4_pair_fixed,6.583580,6.576950,6.651590,0.998797
h14-1,AMD EPYC 7763 64-Core Processor,fresh,20,asm_radix4_pair_large,6.576730,6.557270,6.606560,0.999837
h14-1,AMD EPYC 7763 64-Core Processor,fresh,20,asm_radix4_pair_large_fixed,6.521240,6.507950,7.539450,1.008345
h14-1,AMD EPYC 7763 64-Core Processor,fresh,20,asm_radix4_pair_leaf,6.778340,6.753960,6.844690,0.970099
h14-1,AMD EPYC 7763 64-Core Processor,fresh,20,asm_radix4_serial,6.776020,6.770490,6.827570,0.970431
h14-1,AMD EPYC 7763 64-Core Processor,fresh,20,asm_radix4_serial_large,6.618120,6.604950,6.634830,0.993584
h14-1,AMD EPYC 7763 64-Core Processor,fresh,20,h14_fixed_bottom,6.542770,6.534460,6.574110,1.005027
h14-1,AMD EPYC 7763 64-Core Processor,fresh,20,h14_fixed_tile,6.556780,6.514160,6.749690,1.002879
h14-1,AMD EPYC 7763 64-Core Processor,fresh,20,h14_pairmul_all,6.539270,6.525830,6.689850,1.005565
h14-1,AMD EPYC 7763 64-Core Processor,fresh,20,h14_pairmul_small,6.553700,6.539510,6.589990,1.003351
h14-1,AMD EPYC 7763 64-Core Processor,fresh,20,ll_inline_h14,6.575660,6.566980,6.621580,1.000000
h14-1,AMD EPYC 7763 64-Core Processor,fresh,20,v91,9.850010,9.826070,9.906510,0.667579
h14-1,AMD EPYC 7763 64-Core Processor,fresh,21,asm_leaf_inplace,13.674500,13.648300,13.799600,0.996044
h14-1,AMD EPYC 7763 64-Core Processor,fresh,21,asm_radix4_pair,14.080400,14.028400,14.311900,0.967330
h14-1,AMD EPYC 7763 64-Core Processor,fresh,21,asm_radix4_pair_fixed,13.620900,13.597300,13.681700,0.999963
h14-1,AMD EPYC 7763 64-Core Processor,fresh,21,asm_radix4_pair_large,13.713500,13.677500,13.772400,0.993211
h14-1,AMD EPYC 7763 64-Core Processor,fresh,21,asm_radix4_pair_large_fixed,13.471300,13.454000,13.517600,1.011068
h14-1,AMD EPYC 7763 64-Core Processor,fresh,21,asm_radix4_pair_leaf,14.063500,14.026800,14.137800,0.968493
h14-1,AMD EPYC 7763 64-Core Processor,fresh,21,asm_radix4_serial,14.165500,14.094700,14.260900,0.961519
h14-1,AMD EPYC 7763 64-Core Processor,fresh,21,asm_radix4_serial_large,13.831500,13.789300,13.850300,0.984738
h14-1,AMD EPYC 7763 64-Core Processor,fresh,21,h14_fixed_bottom,13.588000,13.521800,13.952100,1.002384
h14-1,AMD EPYC 7763 64-Core Processor,fresh,21,h14_fixed_tile,13.647700,13.603800,13.685200,0.998000
h14-1,AMD EPYC 7763 64-Core Processor,fresh,21,h14_pairmul_all,13.621000,13.576300,13.782100,0.999956
h14-1,AMD EPYC 7763 64-Core Processor,fresh,21,h14_pairmul_small,13.643800,13.601500,13.695800,0.998285
h14-1,AMD EPYC 7763 64-Core Processor,fresh,21,ll_inline_h14,13.620400,13.606200,13.685500,1.000000
h14-1,AMD EPYC 7763 64-Core Processor,fresh,21,v91,20.922500,20.674000,21.205400,0.650993
h14-1,AMD EPYC 7763 64-Core Processor,fresh,22,asm_leaf_inplace,29.078900,28.955400,29.156800,0.995935
h14-1,AMD EPYC 7763 64-Core Processor,fresh,22,asm_radix4_pair,29.872300,29.719000,30.341400,0.969483
h14-1,AMD EPYC 7763 64-Core Processor,fresh,22,asm_radix4_pair_fixed,28.923800,28.876900,29.978300,1.001276
h14-1,AMD EPYC 7763 64-Core Processor,fresh,22,asm_radix4_pair_large,29.186200,29.094000,29.228800,0.992274
h14-1,AMD EPYC 7763 64-Core Processor,fresh,22,asm_radix4_pair_large_fixed,28.661400,28.580400,29.820400,1.010443
h14-1,AMD EPYC 7763 64-Core Processor,fresh,22,asm_radix4_pair_leaf,29.902300,29.757700,29.992700,0.968511
h14-1,AMD EPYC 7763 64-Core Processor,fresh,22,asm_radix4_serial,29.955400,29.872800,30.205100,0.966794
h14-1,AMD EPYC 7763 64-Core Processor,fresh,22,asm_radix4_serial_large,29.430000,29.280000,29.665900,0.984054
h14-1,AMD EPYC 7763 64-Core Processor,fresh,22,h14_fixed_bottom,28.832800,28.737400,29.080600,1.004436
h14-1,AMD EPYC 7763 64-Core Processor,fresh,22,h14_fixed_tile,29.027400,28.871900,29.114100,0.997702
h14-1,AMD EPYC 7763 64-Core Processor,fresh,22,h14_pairmul_all,28.932900,28.875700,29.165200,1.000961
h14-1,AMD EPYC 7763 64-Core Processor,fresh,22,h14_pairmul_small,29.004200,28.885100,29.677600,0.998500
h14-1,AMD EPYC 7763 64-Core Processor,fresh,22,ll_inline_h14,28.960700,28.907600,29.132700,1.000000
h14-1,AMD EPYC 7763 64-Core Processor,fresh,22,v91,43.731900,43.472500,44.858700,0.662233
h14-1,AMD EPYC 7763 64-Core Processor,reuse,12,asm_leaf_inplace,0.015369,0.015238,0.015489,1.001301
h14-1,AMD EPYC 7763 64-Core Processor,reuse,12,asm_radix4_pair,0.015960,0.015930,0.016080,0.964223
h14-1,AMD EPYC 7763 64-Core Processor,reuse,12,asm_radix4_pair_fixed,0.015248,0.015219,0.015329,1.009247
h14-1,AMD EPYC 7763 64-Core Processor,reuse,12,asm_radix4_pair_large,0.015359,0.015288,0.015428,1.001953
h14-1,AMD EPYC 7763 64-Core Processor,reuse,12,asm_radix4_pair_large_fixed,0.015028,0.014959,0.015088,1.024022
h14-1,AMD EPYC 7763 64-Core Processor,reuse,12,asm_radix4_pair_leaf,0.016130,0.016030,0.028002,0.954061
h14-1,AMD EPYC 7763 64-Core Processor,reuse,12,asm_radix4_serial,0.015970,0.015889,0.016019,0.963619
h14-1,AMD EPYC 7763 64-Core Processor,reuse,12,asm_radix4_serial_large,0.015399,0.015349,0.019065,0.999351
h14-1,AMD EPYC 7763 64-Core Processor,reuse,12,h14_fixed_bottom,0.015118,0.015028,0.015238,1.017926
h14-1,AMD EPYC 7763 64-Core Processor,reuse,12,h14_fixed_tile,0.015198,0.015118,0.015258,1.012567
h14-1,AMD EPYC 7763 64-Core Processor,reuse,12,h14_pairmul_all,0.015218,0.015168,0.015348,1.011237
h14-1,AMD EPYC 7763 64-Core Processor,reuse,12,h14_pairmul_small,0.015329,0.015208,0.016010,1.003914
h14-1,AMD EPYC 7763 64-Core Processor,reuse,12,ll_inline_h14,0.015389,0.015269,0.026249,1.000000
h14-1,AMD EPYC 7763 64-Core Processor,reuse,12,v91,0.028643,0.028554,0.053159,0.537269
h14-1,AMD EPYC 7763 64-Core Processor,reuse,16,asm_leaf_inplace,0.326641,0.322994,0.334726,0.988189
h14-1,AMD EPYC 7763 64-Core Processor,reuse,16,asm_radix4_pair,0.331880,0.331439,0.333303,0.972589
h14-1,AMD EPYC 7763 64-Core Processor,reuse,16,asm_radix4_pair_fixed,0.324626,0.323564,0.335306,0.994323
h14-1,AMD EPYC 7763 64-Core Processor,reuse,16,asm_radix4_pair_large,0.332452,0.322713,0.337711,0.970916
h14-1,AMD EPYC 7763 64-Core Processor,reuse,16,asm_radix4_pair_large_fixed,0.319757,0.319246,0.329616,1.009463
h14-1,AMD EPYC 7763 64-Core Processor,reuse,16,asm_radix4_pair_leaf,0.333844,0.333303,0.345996,0.966868
h14-1,AMD EPYC 7763 64-Core Processor,reuse,16,asm_radix4_serial,0.343371,0.333954,0.360814,0.940042
h14-1,AMD EPYC 7763 64-Core Processor,reuse,16,asm_radix4_serial_large,0.335237,0.324086,0.335937,0.962850
h14-1,AMD EPYC 7763 64-Core Processor,reuse,16,h14_fixed_bottom,0.330888,0.320889,0.333644,0.975505
h14-1,AMD EPYC 7763 64-Core Processor,reuse,16,h14_fixed_tile,0.320229,0.318906,0.330938,1.007976
h14-1,AMD EPYC 7763 64-Core Processor,reuse,16,h14_pairmul_all,0.320959,0.319998,0.331370,1.005683
h14-1,AMD EPYC 7763 64-Core Processor,reuse,16,h14_pairmul_small,0.321621,0.321401,0.331810,1.003613
h14-1,AMD EPYC 7763 64-Core Processor,reuse,16,ll_inline_h14,0.322783,0.322012,0.336199,1.000000
h14-1,AMD EPYC 7763 64-Core Processor,reuse,16,v91,0.510293,0.509632,0.523338,0.632544
h14-1,AMD EPYC 7763 64-Core Processor,reuse,18,asm_leaf_inplace,1.498710,1.487810,1.505800,0.996137
h14-1,AMD EPYC 7763 64-Core Processor,reuse,18,asm_radix4_pair,1.546940,1.535080,1.554420,0.965079
h14-1,AMD EPYC 7763 64-Core Processor,reuse,18,asm_radix4_pair_fixed,1.493240,1.482170,1.551290,0.999786
h14-1,AMD EPYC 7763 64-Core Processor,reuse,18,asm_radix4_pair_large,1.503940,1.493720,1.535440,0.992673
h14-1,AMD EPYC 7763 64-Core Processor,reuse,18,asm_radix4_pair_large_fixed,1.473950,1.467200,1.479460,1.012870
h14-1,AMD EPYC 7763 64-Core Processor,reuse,18,asm_radix4_pair_leaf,1.544310,1.535430,1.553660,0.966723
h14-1,AMD EPYC 7763 64-Core Processor,reuse,18,asm_radix4_serial,1.556210,1.551560,1.568630,0.959331
h14-1,AMD EPYC 7763 64-Core Processor,reuse,18,asm_radix4_serial_large,1.514720,1.503010,1.523510,0.985608
h14-1,AMD EPYC 7763 64-Core Processor,reuse,18,h14_fixed_bottom,1.484790,1.473590,1.489200,1.005476
h14-1,AMD EPYC 7763 64-Core Processor,reuse,18,h14_fixed_tile,1.491690,1.483590,1.501060,1.000825
h14-1,AMD EPYC 7763 64-Core Processor,reuse,18,h14_pairmul_all,1.486290,1.478870,1.501920,1.004461
h14-1,AMD EPYC 7763 64-Core Processor,reuse,18,h14_pairmul_small,1.495040,1.486440,1.508460,0.998582
h14-1,AMD EPYC 7763 64-Core Processor,reuse,18,ll_inline_h14,1.492920,1.482720,1.536870,1.000000
h14-1,AMD EPYC 7763 64-Core Processor,reuse,18,v91,2.297050,2.280960,2.322150,0.649929
h14-1,AMD EPYC 7763 64-Core Processor,reuse,19,asm_leaf_inplace,3.111350,3.102550,3.118910,0.997050
h14-1,AMD EPYC 7763 64-Core Processor,reuse,19,asm_radix4_pair,3.182680,3.174980,3.215930,0.974704
h14-1,AMD EPYC 7763 64-Core Processor,reuse,19,asm_radix4_pair_fixed,3.102780,3.101240,3.104510,0.999803
h14-1,AMD EPYC 7763 64-Core Processor,reuse,19,asm_radix4_pair_large,3.097420,3.092360,3.132930,1.001534
h14-1,AMD EPYC 7763 64-Core Processor,reuse,19,asm_radix4_pair_large_fixed,3.072100,3.069510,3.104100,1.009788
h14-1,AMD EPYC 7763 64-Core Processor,reuse,19,asm_radix4_pair_leaf,3.206430,3.193780,3.356720,0.967484
h14-1,AMD EPYC 7763 64-Core Processor,reuse,19,asm_radix4_serial,3.201310,3.191880,3.217680,0.969031
h14-1,AMD EPYC 7763 64-Core Processor,reuse,19,asm_radix4_serial_large,3.116830,3.115330,3.125970,0.995297
h14-1,AMD EPYC 7763 64-Core Processor,reuse,19,h14_fixed_bottom,3.086610,3.083900,3.110690,1.005041
h14-1,AMD EPYC 7763 64-Core Processor,reuse,19,h14_fixed_tile,3.072240,3.068140,3.079720,1.009742
h14-1,AMD EPYC 7763 64-Core Processor,reuse,19,h14_pairmul_all,3.082690,3.079590,3.094600,1.006319
h14-1,AMD EPYC 7763 64-Core Processor,reuse,19,h14_pairmul_small,3.092370,3.087740,3.133510,1.003169
h14-1,AMD EPYC 7763 64-Core Processor,reuse,19,ll_inline_h14,3.102170,3.097510,3.118440,1.000000
h14-1,AMD EPYC 7763 64-Core Processor,reuse,19,v91,4.776780,4.758550,4.804520,0.649427
h14-1,AMD EPYC 7763 64-Core Processor,reuse,20,asm_leaf_inplace,6.553410,6.543200,6.625990,0.999496
h14-1,AMD EPYC 7763 64-Core Processor,reuse,20,asm_radix4_pair,6.708450,6.692740,6.751720,0.976397
h14-1,AMD EPYC 7763 64-Core Processor,reuse,20,asm_radix4_pair_fixed,6.556400,6.543010,6.570380,0.999041
h14-1,AMD EPYC 7763 64-Core Processor,reuse,20,asm_radix4_pair_large,6.540340,6.531980,6.549030,1.001494
h14-1,AMD EPYC 7763 64-Core Processor,reuse,20,asm_radix4_pair_large_fixed,6.491880,6.475990,6.535880,1.008970
h14-1,AMD EPYC 7763 64-Core Processor,reuse,20,asm_radix4_pair_leaf,6.732940,6.723870,6.759970,0.972845
h14-1,AMD EPYC 7763 64-Core Processor,reuse,20,asm_radix4_serial,6.775650,6.729320,6.984990,0.966713
h14-1,AMD EPYC 7763 64-Core Processor,reuse,20,asm_radix4_serial_large,6.602660,6.584950,6.630240,0.992041
h14-1,AMD EPYC 7763 64-Core Processor,reuse,20,h14_fixed_bottom,6.534210,6.515560,6.630960,1.002433
h14-1,AMD EPYC 7763 64-Core Processor,reuse,20,h14_fixed_tile,6.500080,6.484970,6.543970,1.007697
h14-1,AMD EPYC 7763 64-Core Processor,reuse,20,h14_pairmul_all,6.514810,6.495990,6.564870,1.005418
h14-1,AMD EPYC 7763 64-Core Processor,reuse,20,h14_pairmul_small,6.525970,6.510510,6.558720,1.003699
h14-1,AMD EPYC 7763 64-Core Processor,reuse,20,ll_inline_h14,6.550110,6.537690,6.569880,1.000000
h14-1,AMD EPYC 7763 64-Core Processor,reuse,20,v91,9.832990,9.774650,10.418000,0.666136
h14-1,AMD EPYC 7763 64-Core Processor,reuse,21,asm_leaf_inplace,13.611500,13.595900,13.719600,0.998714
h14-1,AMD EPYC 7763 64-Core Processor,reuse,21,asm_radix4_pair,13.999500,13.984700,14.211900,0.971035
h14-1,AMD EPYC 7763 64-Core Processor,reuse,21,asm_radix4_pair_fixed,13.560700,13.543000,13.630600,1.002456
h14-1,AMD EPYC 7763 64-Core Processor,reuse,21,asm_radix4_pair_large,13.674500,13.649400,13.769700,0.994113
h14-1,AMD EPYC 7763 64-Core Processor,reuse,21,asm_radix4_pair_large_fixed,13.457400,13.419200,14.502600,1.010151
h14-1,AMD EPYC 7763 64-Core Processor,reuse,21,asm_radix4_pair_leaf,14.030000,13.995500,14.202800,0.968924
h14-1,AMD EPYC 7763 64-Core Processor,reuse,21,asm_radix4_serial,14.086400,14.042000,14.191500,0.965044
h14-1,AMD EPYC 7763 64-Core Processor,reuse,21,asm_radix4_serial_large,13.776900,13.755900,13.801800,0.986724
h14-1,AMD EPYC 7763 64-Core Processor,reuse,21,h14_fixed_bottom,13.515100,13.486700,13.566900,1.005838
h14-1,AMD EPYC 7763 64-Core Processor,reuse,21,h14_fixed_tile,13.598000,13.560700,13.801500,0.999706
h14-1,AMD EPYC 7763 64-Core Processor,reuse,21,h14_pairmul_all,13.555600,13.531700,13.738100,1.002833
h14-1,AMD EPYC 7763 64-Core Processor,reuse,21,h14_pairmul_small,13.620100,13.566000,13.738500,0.998084
h14-1,AMD EPYC 7763 64-Core Processor,reuse,21,ll_inline_h14,13.594000,13.556400,13.652000,1.000000
h14-1,AMD EPYC 7763 64-Core Processor,reuse,21,v91,20.712200,20.496500,20.990300,0.656328
h14-1,AMD EPYC 7763 64-Core Processor,reuse,22,asm_leaf_inplace,28.881200,28.779000,29.075200,0.998702
h14-1,AMD EPYC 7763 64-Core Processor,reuse,22,asm_radix4_pair,29.619400,29.542500,29.934900,0.973811
h14-1,AMD EPYC 7763 64-Core Processor,reuse,22,asm_radix4_pair_fixed,28.735300,28.646200,28.849500,1.003772
h14-1,AMD EPYC 7763 64-Core Processor,reuse,22,asm_radix4_pair_large,28.945800,28.865500,29.133300,0.996473
h14-1,AMD EPYC 7763 64-Core Processor,reuse,22,asm_radix4_pair_large_fixed,28.505900,28.404900,28.540200,1.011850
h14-1,AMD EPYC 7763 64-Core Processor,reuse,22,asm_radix4_pair_leaf,29.642000,29.612000,29.756200,0.973069
h14-1,AMD EPYC 7763 64-Core Processor,reuse,22,asm_radix4_serial,29.868800,29.769100,29.926000,0.965680
h14-1,AMD EPYC 7763 64-Core Processor,reuse,22,asm_radix4_serial_large,29.185800,29.142200,29.452000,0.988279
h14-1,AMD EPYC 7763 64-Core Processor,reuse,22,h14_fixed_bottom,28.633000,28.540700,28.743000,1.007359
h14-1,AMD EPYC 7763 64-Core Processor,reuse,22,h14_fixed_tile,28.784400,28.728300,28.939200,1.002060
h14-1,AMD EPYC 7763 64-Core Processor,reuse,22,h14_pairmul_all,28.746100,28.678100,28.977700,1.003395
h14-1,AMD EPYC 7763 64-Core Processor,reuse,22,h14_pairmul_small,28.799400,28.738100,28.983000,1.001538
h14-1,AMD EPYC 7763 64-Core Processor,reuse,22,ll_inline_h14,28.843700,28.717500,28.917100,1.000000
h14-1,AMD EPYC 7763 64-Core Processor,reuse,22,v91,43.397600,43.174800,44.291100,0.664638
h14-2,INTEL(R) XEON(R) PLATINUM 8573C,fresh,12,asm_leaf_inplace,0.018457,0.018414,0.018945,1.016362
h14-2,INTEL(R) XEON(R) PLATINUM 8573C,fresh,12,asm_radix4_pair,0.018617,0.018544,0.019017,1.007627
h14-2,INTEL(R) XEON(R) PLATINUM 8573C,fresh,12,asm_radix4_pair_fixed,0.018596,0.018218,0.018661,1.008765
h14-2,INTEL(R) XEON(R) PLATINUM 8573C,fresh,12,asm_radix4_pair_large,0.018541,0.018346,0.018783,1.011758
h14-2,INTEL(R) XEON(R) PLATINUM 8573C,fresh,12,asm_radix4_pair_large_fixed,0.018494,0.018133,0.018531,1.014329
h14-2,INTEL(R) XEON(R) PLATINUM 8573C,fresh,12,asm_radix4_pair_leaf,0.018999,0.018655,0.019168,0.987368
h14-2,INTEL(R) XEON(R) PLATINUM 8573C,fresh,12,asm_radix4_serial,0.018807,0.018575,0.019191,0.997448
h14-2,INTEL(R) XEON(R) PLATINUM 8573C,fresh,12,asm_radix4_serial_large,0.018483,0.018382,0.018853,1.014933
h14-2,INTEL(R) XEON(R) PLATINUM 8573C,fresh,12,h14_fixed_bottom,0.018235,0.018174,0.018676,1.028736
h14-2,INTEL(R) XEON(R) PLATINUM 8573C,fresh,12,h14_fixed_tile,0.018144,0.018083,0.018626,1.033896
h14-2,INTEL(R) XEON(R) PLATINUM 8573C,fresh,12,h14_pairmul_all,0.018292,0.018229,0.018780,1.025530
h14-2,INTEL(R) XEON(R) PLATINUM 8573C,fresh,12,h14_pairmul_small,0.018314,0.018216,0.018771,1.024298
h14-2,INTEL(R) XEON(R) PLATINUM 8573C,fresh,12,ll_inline_h14,0.018759,0.018426,0.018965,1.000000
h14-2,INTEL(R) XEON(R) PLATINUM 8573C,fresh,12,v91,0.032790,0.032590,0.045022,0.572095
h14-2,INTEL(R) XEON(R) PLATINUM 8573C,fresh,16,asm_leaf_inplace,0.395860,0.395324,0.396623,1.017458
h14-2,INTEL(R) XEON(R) PLATINUM 8573C,fresh,16,asm_radix4_pair,0.393473,0.392657,0.394487,1.023631
h14-2,INTEL(R) XEON(R) PLATINUM 8573C,fresh,16,asm_radix4_pair_fixed,0.389562,0.389014,0.395682,1.033907
h14-2,INTEL(R) XEON(R) PLATINUM 8573C,fresh,16,asm_radix4_pair_large,0.390354,0.389782,0.393286,1.031810
h14-2,INTEL(R) XEON(R) PLATINUM 8573C,fresh,16,asm_radix4_pair_large_fixed,0.394280,0.387359,0.396764,1.021535
h14-2,INTEL(R) XEON(R) PLATINUM 8573C,fresh,16,asm_radix4_pair_leaf,0.401511,0.395014,0.402957,1.003138
h14-2,INTEL(R) XEON(R) PLATINUM 8573C,fresh,16,asm_radix4_serial,0.401806,0.401126,0.402302,1.002402
h14-2,INTEL(R) XEON(R) PLATINUM 8573C,fresh,16,asm_radix4_serial_large,0.397744,0.391061,0.424801,1.012639
h14-2,INTEL(R) XEON(R) PLATINUM 8573C,fresh,16,h14_fixed_bottom,0.389544,0.388773,0.394998,1.033955
h14-2,INTEL(R) XEON(R) PLATINUM 8573C,fresh,16,h14_fixed_tile,0.393074,0.385532,0.402529,1.024670
h14-2,INTEL(R) XEON(R) PLATINUM 8573C,fresh,16,h14_pairmul_all,0.388947,0.388255,0.392556,1.035542
h14-2,INTEL(R) XEON(R) PLATINUM 8573C,fresh,16,h14_pairmul_small,0.395654,0.388994,0.397054,1.017988
h14-2,INTEL(R) XEON(R) PLATINUM 8573C,fresh,16,ll_inline_h14,0.402771,0.394899,0.423908,1.000000
h14-2,INTEL(R) XEON(R) PLATINUM 8573C,fresh,16,v91,0.594798,0.594019,0.601963,0.677156
h14-2,INTEL(R) XEON(R) PLATINUM 8573C,fresh,18,asm_leaf_inplace,1.797130,1.790190,1.813070,0.999794
h14-2,INTEL(R) XEON(R) PLATINUM 8573C,fresh,18,asm_radix4_pair,1.819400,1.811660,1.886810,0.987556
h14-2,INTEL(R) XEON(R) PLATINUM 8573C,fresh,18,asm_radix4_pair_fixed,1.789730,1.788490,1.843350,1.003928
h14-2,INTEL(R) XEON(R) PLATINUM 8573C,fresh,18,asm_radix4_pair_large,1.804680,1.802020,1.867820,0.995611
h14-2,INTEL(R) XEON(R) PLATINUM 8573C,fresh,18,asm_radix4_pair_large_fixed,1.784470,1.774610,1.862460,1.006887
h14-2,INTEL(R) XEON(R) PLATINUM 8573C,fresh,18,asm_radix4_pair_leaf,1.813040,1.803150,1.820070,0.991021
h14-2,INTEL(R) XEON(R) PLATINUM 8573C,fresh,18,asm_radix4_serial,1.825810,1.819380,1.873740,0.984089
h14-2,INTEL(R) XEON(R) PLATINUM 8573C,fresh,18,asm_radix4_serial_large,1.810210,1.798930,1.862890,0.992570
h14-2,INTEL(R) XEON(R) PLATINUM 8573C,fresh,18,h14_fixed_bottom,1.788700,1.779360,1.795570,1.004506
h14-2,INTEL(R) XEON(R) PLATINUM 8573C,fresh,18,h14_fixed_tile,1.796330,1.792660,2.043160,1.000239
h14-2,INTEL(R) XEON(R) PLATINUM 8573C,fresh,18,h14_pairmul_all,1.807900,1.788710,1.878090,0.993838
h14-2,INTEL(R) XEON(R) PLATINUM 8573C,fresh,18,h14_pairmul_small,1.792700,1.784130,1.797790,1.002265
h14-2,INTEL(R) XEON(R) PLATINUM 8573C,fresh,18,ll_inline_h14,1.796760,1.790710,1.799960,1.000000
h14-2,INTEL(R) XEON(R) PLATINUM 8573C,fresh,18,v91,2.761370,2.748890,2.785140,0.650677
h14-2,INTEL(R) XEON(R) PLATINUM 8573C,fresh,19,asm_leaf_inplace,3.768170,3.759870,4.423100,0.998668
h14-2,INTEL(R) XEON(R) PLATINUM 8573C,fresh,19,asm_radix4_pair,3.791500,3.771830,3.805790,0.992523
h14-2,INTEL(R) XEON(R) PLATINUM 8573C,fresh,19,asm_radix4_pair_fixed,3.754890,3.745600,3.827550,1.002200
h14-2,INTEL(R) XEON(R) PLATINUM 8573C,fresh,19,asm_radix4_pair_large,3.756290,3.742390,3.762400,1.001826
h14-2,INTEL(R) XEON(R) PLATINUM 8573C,fresh,19,asm_radix4_pair_large_fixed,3.752960,3.729290,3.766360,1.002715
h14-2,INTEL(R) XEON(R) PLATINUM 8573C,fresh,19,asm_radix4_pair_leaf,3.796910,3.788570,3.832300,0.991109
h14-2,INTEL(R) XEON(R) PLATINUM 8573C,fresh,19,asm_radix4_serial,3.804760,3.786150,3.847640,0.989064
h14-2,INTEL(R) XEON(R) PLATINUM 8573C,fresh,19,asm_radix4_serial_large,3.766510,3.758750,3.803690,0.999108
h14-2,INTEL(R) XEON(R) PLATINUM 8573C,fresh,19,h14_fixed_bottom,3.790120,3.776830,3.827740,0.992884
h14-2,INTEL(R) XEON(R) PLATINUM 8573C,fresh,19,h14_fixed_tile,3.746280,3.712980,3.770260,1.004503
h14-2,INTEL(R) XEON(R) PLATINUM 8573C,fresh,19,h14_pairmul_all,3.743130,3.731270,3.834620,1.005348
h14-2,INTEL(R) XEON(R) PLATINUM 8573C,fresh,19,h14_pairmul_small,3.744810,3.735150,3.753110,1.004897
h14-2,INTEL(R) XEON(R) PLATINUM 8573C,fresh,19,ll_inline_h14,3.763150,3.755100,3.840760,1.000000
h14-2,INTEL(R) XEON(R) PLATINUM 8573C,fresh,19,v91,5.957470,5.927200,5.999770,0.631669
h14-2,INTEL(R) XEON(R) PLATINUM 8573C,fresh,20,asm_leaf_inplace,8.181310,8.156530,8.276000,0.995218
h14-2,INTEL(R) XEON(R) PLATINUM 8573C,fresh,20,asm_radix4_pair,8.192690,8.152030,8.245900,0.993836
h14-2,INTEL(R) XEON(R) PLATINUM 8573C,fresh,20,asm_radix4_pair_fixed,8.129870,8.110590,8.158780,1.001515
h14-2,INTEL(R) XEON(R) PLATINUM 8573C,fresh,20,asm_radix4_pair_large,8.140020,8.100730,8.159560,1.000267
h14-2,INTEL(R) XEON(R) PLATINUM 8573C,fresh,20,asm_radix4_pair_large_fixed,8.112530,8.100980,8.166350,1.003656
h14-2,INTEL(R) XEON(R) PLATINUM 8573C,fresh,20,asm_radix4_pair_leaf,8.213140,8.163920,8.248160,0.991361
h14-2,INTEL(R) XEON(R) PLATINUM 8573C,fresh,20,asm_radix4_serial,8.251230,8.217750,8.763940,0.986785
h14-2,INTEL(R) XEON(R) PLATINUM 8573C,fresh,20,asm_radix4_serial_large,8.170760,8.142380,8.445790,0.996503
h14-2,INTEL(R) XEON(R) PLATINUM 8573C,fresh,20,h14_fixed_bottom,8.207630,8.193130,8.259990,0.992027
h14-2,INTEL(R) XEON(R) PLATINUM 8573C,fresh,20,h14_fixed_tile,8.070460,8.036900,8.120370,1.008888
h14-2,INTEL(R) XEON(R) PLATINUM 8573C,fresh,20,h14_pairmul_all,8.100650,8.061830,8.150330,1.005128
h14-2,INTEL(R) XEON(R) PLATINUM 8573C,fresh,20,h14_pairmul_small,8.114810,8.069640,8.137150,1.003374
h14-2,INTEL(R) XEON(R) PLATINUM 8573C,fresh,20,ll_inline_h14,8.142190,8.129770,8.187310,1.000000
h14-2,INTEL(R) XEON(R) PLATINUM 8573C,fresh,20,v91,12.790200,12.706300,12.862600,0.636596
h14-2,INTEL(R) XEON(R) PLATINUM 8573C,fresh,21,asm_leaf_inplace,17.369300,17.232600,17.974700,0.996045
h14-2,INTEL(R) XEON(R) PLATINUM 8573C,fresh,21,asm_radix4_pair,17.550300,17.285900,17.667500,0.985772
h14-2,INTEL(R) XEON(R) PLATINUM 8573C,fresh,21,asm_radix4_pair_fixed,17.251300,17.082000,17.554800,1.002858
h14-2,INTEL(R) XEON(R) PLATINUM 8573C,fresh,21,asm_radix4_pair_large,17.406900,17.162400,17.745400,0.993893
h14-2,INTEL(R) XEON(R) PLATINUM 8573C,fresh,21,asm_radix4_pair_large_fixed,17.252600,17.061000,17.443600,1.002782
h14-2,INTEL(R) XEON(R) PLATINUM 8573C,fresh,21,asm_radix4_pair_leaf,17.363600,17.241400,17.794200,0.996372
h14-2,INTEL(R) XEON(R) PLATINUM 8573C,fresh,21,asm_radix4_serial,17.625600,17.531500,17.804500,0.981561
h14-2,INTEL(R) XEON(R) PLATINUM 8573C,fresh,21,asm_radix4_serial_large,17.414600,17.270200,17.675000,0.993454
h14-2,INTEL(R) XEON(R) PLATINUM 8573C,fresh,21,h14_fixed_bottom,17.277600,17.125400,17.394200,1.001331
h14-2,INTEL(R) XEON(R) PLATINUM 8573C,fresh,21,h14_fixed_tile,17.331400,17.132800,17.669400,0.998223
h14-2,INTEL(R) XEON(R) PLATINUM 8573C,fresh,21,h14_pairmul_all,17.322600,17.182200,17.445200,0.998730
h14-2,INTEL(R) XEON(R) PLATINUM 8573C,fresh,21,h14_pairmul_small,17.361600,17.178400,17.679600,0.996486
h14-2,INTEL(R) XEON(R) PLATINUM 8573C,fresh,21,ll_inline_h14,17.300600,17.067200,17.547000,1.000000
h14-2,INTEL(R) XEON(R) PLATINUM 8573C,fresh,21,v91,27.009200,26.577900,27.405700,0.640545
h14-2,INTEL(R) XEON(R) PLATINUM 8573C,fresh,22,asm_leaf_inplace,38.101200,37.929200,38.328300,0.997648
h14-2,INTEL(R) XEON(R) PLATINUM 8573C,fresh,22,asm_radix4_pair,38.506500,38.101000,40.663200,0.987148
h14-2,INTEL(R) XEON(R) PLATINUM 8573C,fresh,22,asm_radix4_pair_fixed,37.753100,37.608100,38.489200,1.006847
h14-2,INTEL(R) XEON(R) PLATINUM 8573C,fresh,22,asm_radix4_pair_large,38.152200,38.005300,38.670400,0.996315
h14-2,INTEL(R) XEON(R) PLATINUM 8573C,fresh,22,asm_radix4_pair_large_fixed,37.694600,37.460900,40.165900,1.008410
h14-2,INTEL(R) XEON(R) PLATINUM 8573C,fresh,22,asm_radix4_pair_leaf,38.292000,37.958600,38.743900,0.992677
h14-2,INTEL(R) XEON(R) PLATINUM 8573C,fresh,22,asm_radix4_serial,38.644100,38.269400,53.012400,0.983633
h14-2,INTEL(R) XEON(R) PLATINUM 8573C,fresh,22,asm_radix4_serial_large,38.389300,37.994400,38.564000,0.990161
h14-2,INTEL(R) XEON(R) PLATINUM 8573C,fresh,22,h14_fixed_bottom,37.743600,37.438400,53.645600,1.007101
h14-2,INTEL(R) XEON(R) PLATINUM 8573C,fresh,22,h14_fixed_tile,37.880300,37.622300,39.464500,1.003466
h14-2,INTEL(R) XEON(R) PLATINUM 8573C,fresh,22,h14_pairmul_all,37.922800,37.597200,38.234400,1.002342
h14-2,INTEL(R) XEON(R) PLATINUM 8573C,fresh,22,h14_pairmul_small,38.105200,37.683700,38.331000,0.997544
h14-2,INTEL(R) XEON(R) PLATINUM 8573C,fresh,22,ll_inline_h14,38.011600,37.929600,39.619500,1.000000
h14-2,INTEL(R) XEON(R) PLATINUM 8573C,fresh,22,v91,59.225000,58.237300,59.550100,0.641817
h14-2,INTEL(R) XEON(R) PLATINUM 8573C,reuse,12,asm_leaf_inplace,0.018222,0.018177,0.018267,0.998409
h14-2,INTEL(R) XEON(R) PLATINUM 8573C,reuse,12,asm_radix4_pair,0.018402,0.018345,0.018511,0.988643
h14-2,INTEL(R) XEON(R) PLATINUM 8573C,reuse,12,asm_radix4_pair_fixed,0.018045,0.018035,0.018117,1.008202
h14-2,INTEL(R) XEON(R) PLATINUM 8573C,reuse,12,asm_radix4_pair_large,0.018159,0.018126,0.018236,1.001872
h14-2,INTEL(R) XEON(R) PLATINUM 8573C,reuse,12,asm_radix4_pair_large_fixed,0.017959,0.017905,0.018022,1.013030
h14-2,INTEL(R) XEON(R) PLATINUM 8573C,reuse,12,asm_radix4_pair_leaf,0.018494,0.018460,0.020897,0.983724
h14-2,INTEL(R) XEON(R) PLATINUM 8573C,reuse,12,asm_radix4_serial,0.018429,0.018352,0.018572,0.987194
h14-2,INTEL(R) XEON(R) PLATINUM 8573C,reuse,12,asm_radix4_serial_large,0.018225,0.018181,0.018272,0.998244
h14-2,INTEL(R) XEON(R) PLATINUM 8573C,reuse,12,h14_fixed_bottom,0.018011,0.017940,0.024340,1.010105
h14-2,INTEL(R) XEON(R) PLATINUM 8573C,reuse,12,h14_fixed_tile,0.017939,0.017870,0.028876,1.014159
h14-2,INTEL(R) XEON(R) PLATINUM 8573C,reuse,12,h14_pairmul_all,0.018093,0.018074,0.018151,1.005527
h14-2,INTEL(R) XEON(R) PLATINUM 8573C,reuse,12,h14_pairmul_small,0.018090,0.018045,0.018146,1.005694
h14-2,INTEL(R) XEON(R) PLATINUM 8573C,reuse,12,ll_inline_h14,0.018193,0.018159,0.018246,1.000000
h14-2,INTEL(R) XEON(R) PLATINUM 8573C,reuse,12,v91,0.032551,0.032513,0.032593,0.558908
h14-2,INTEL(R) XEON(R) PLATINUM 8573C,reuse,16,asm_leaf_inplace,0.393579,0.392867,0.400591,0.997088
h14-2,INTEL(R) XEON(R) PLATINUM 8573C,reuse,16,asm_radix4_pair,0.390557,0.390466,0.397709,1.004803
h14-2,INTEL(R) XEON(R) PLATINUM 8573C,reuse,16,asm_radix4_pair_fixed,0.387093,0.386636,0.393471,1.013795
h14-2,INTEL(R) XEON(R) PLATINUM 8573C,reuse,16,asm_radix4_pair_large,0.387224,0.386918,0.394677,1.013452
h14-2,INTEL(R) XEON(R) PLATINUM 8573C,reuse,16,asm_radix4_pair_large_fixed,0.387448,0.385075,0.392648,1.012866
h14-2,INTEL(R) XEON(R) PLATINUM 8573C,reuse,16,asm_radix4_pair_leaf,0.392813,0.392275,0.399193,0.999033
h14-2,INTEL(R) XEON(R) PLATINUM 8573C,reuse,16,asm_radix4_serial,0.391982,0.391597,0.398557,1.001151
h14-2,INTEL(R) XEON(R) PLATINUM 8573C,reuse,16,asm_radix4_serial_large,0.394981,0.388120,0.404712,0.993549
h14-2,INTEL(R) XEON(R) PLATINUM 8573C,reuse,16,h14_fixed_bottom,0.388695,0.386118,0.393490,1.009617
h14-2,INTEL(R) XEON(R) PLATINUM 8573C,reuse,16,h14_fixed_tile,0.388907,0.382050,0.396042,1.009066
h14-2,INTEL(R) XEON(R) PLATINUM 8573C,reuse,16,h14_pairmul_all,0.392773,0.385525,0.393445,0.999134
h14-2,INTEL(R) XEON(R) PLATINUM 8573C,reuse,16,h14_pairmul_small,0.392722,0.385818,0.402459,0.999264
h14-2,INTEL(R) XEON(R) PLATINUM 8573C,reuse,16,ll_inline_h14,0.392433,0.391690,0.400116,1.000000
h14-2,INTEL(R) XEON(R) PLATINUM 8573C,reuse,16,v91,0.600142,0.592847,0.604718,0.653900
h14-2,INTEL(R) XEON(R) PLATINUM 8573C,reuse,18,asm_leaf_inplace,1.784590,1.774240,1.788430,1.000370
h14-2,INTEL(R) XEON(R) PLATINUM 8573C,reuse,18,asm_radix4_pair,1.804510,1.802240,1.824630,0.989327
h14-2,INTEL(R) XEON(R) PLATINUM 8573C,reuse,18,asm_radix4_pair_fixed,1.777080,1.775500,1.822750,1.004597
h14-2,INTEL(R) XEON(R) PLATINUM 8573C,reuse,18,asm_radix4_pair_large,1.793190,1.780330,1.821950,0.995572
h14-2,INTEL(R) XEON(R) PLATINUM 8573C,reuse,18,asm_radix4_pair_large_fixed,1.771440,1.760230,1.780090,1.007796
h14-2,INTEL(R) XEON(R) PLATINUM 8573C,reuse,18,asm_radix4_pair_leaf,1.801530,1.791470,1.822830,0.990963
h14-2,INTEL(R) XEON(R) PLATINUM 8573C,reuse,18,asm_radix4_serial,1.810170,1.807340,1.838650,0.986233
h14-2,INTEL(R) XEON(R) PLATINUM 8573C,reuse,18,asm_radix4_serial_large,1.794160,1.786430,1.806960,0.995034
h14-2,INTEL(R) XEON(R) PLATINUM 8573C,reuse,18,h14_fixed_bottom,1.777120,1.766770,1.815020,1.004575
h14-2,INTEL(R) XEON(R) PLATINUM 8573C,reuse,18,h14_fixed_tile,1.784440,1.774550,1.789460,1.000454
h14-2,INTEL(R) XEON(R) PLATINUM 8573C,reuse,18,h14_pairmul_all,1.780130,1.769150,1.795790,1.002876
h14-2,INTEL(R) XEON(R) PLATINUM 8573C,reuse,18,h14_pairmul_small,1.782670,1.771780,1.804840,1.001447
h14-2,INTEL(R) XEON(R) PLATINUM 8573C,reuse,18,ll_inline_h14,1.785250,1.773940,1.820350,1.000000
h14-2,INTEL(R) XEON(R) PLATINUM 8573C,reuse,18,v91,2.713880,2.698750,2.733430,0.657822
h14-2,INTEL(R) XEON(R) PLATINUM 8573C,reuse,19,asm_leaf_inplace,3.748980,3.737510,3.772440,0.999349
h14-2,INTEL(R) XEON(R) PLATINUM 8573C,reuse,19,asm_radix4_pair,3.769670,3.760680,3.835800,0.993864
h14-2,INTEL(R) XEON(R) PLATINUM 8573C,reuse,19,asm_radix4_pair_fixed,3.733470,3.723220,3.790400,1.003501
h14-2,INTEL(R) XEON(R) PLATINUM 8573C,reuse,19,asm_radix4_pair_large,3.739940,3.723430,3.763540,1.001765
h14-2,INTEL(R) XEON(R) PLATINUM 8573C,reuse,19,asm_radix4_pair_large_fixed,3.727440,3.710790,3.733410,1.005124
h14-2,INTEL(R) XEON(R) PLATINUM 8573C,reuse,19,asm_radix4_pair_leaf,3.781650,3.774130,3.810110,0.990716
h14-2,INTEL(R) XEON(R) PLATINUM 8573C,reuse,19,asm_radix4_serial,3.776510,3.766980,3.819790,0.992064
h14-2,INTEL(R) XEON(R) PLATINUM 8573C,reuse,19,asm_radix4_serial_large,3.747850,3.736800,3.753860,0.999650
h14-2,INTEL(R) XEON(R) PLATINUM 8573C,reuse,19,h14_fixed_bottom,3.770980,3.760840,3.815980,0.993519
h14-2,INTEL(R) XEON(R) PLATINUM 8573C,reuse,19,h14_fixed_tile,3.702480,3.692180,3.736950,1.011900
h14-2,INTEL(R) XEON(R) PLATINUM 8573C,reuse,19,h14_pairmul_all,3.725250,3.714010,3.739370,1.005715
h14-2,INTEL(R) XEON(R) PLATINUM 8573C,reuse,19,h14_pairmul_small,3.743070,3.728190,3.765480,1.000927
h14-2,INTEL(R) XEON(R) PLATINUM 8573C,reuse,19,ll_inline_h14,3.746540,3.736520,3.757280,1.000000
h14-2,INTEL(R) XEON(R) PLATINUM 8573C,reuse,19,v91,5.803950,5.785520,5.828670,0.645516
h14-2,INTEL(R) XEON(R) PLATINUM 8573C,reuse,20,asm_leaf_inplace,8.093090,8.079080,8.147800,0.998203
h14-2,INTEL(R) XEON(R) PLATINUM 8573C,reuse,20,asm_radix4_pair,8.122670,8.105750,8.172090,0.994568
h14-2,INTEL(R) XEON(R) PLATINUM 8573C,reuse,20,asm_radix4_pair_fixed,8.066890,8.050700,8.108330,1.001445
h14-2,INTEL(R) XEON(R) PLATINUM 8573C,reuse,20,asm_radix4_pair_large,8.072510,8.062700,8.384920,1.000748
h14-2,INTEL(R) XEON(R) PLATINUM 8573C,reuse,20,asm_radix4_pair_large_fixed,8.034360,8.021190,8.079250,1.005500
h14-2,INTEL(R) XEON(R) PLATINUM 8573C,reuse,20,asm_radix4_pair_leaf,8.146150,8.139420,8.183010,0.991702
h14-2,INTEL(R) XEON(R) PLATINUM 8573C,reuse,20,asm_radix4_serial,8.181960,8.164860,8.230850,0.987361
h14-2,INTEL(R) XEON(R) PLATINUM 8573C,reuse,20,asm_radix4_serial_large,8.090890,8.086680,8.227110,0.998475
h14-2,INTEL(R) XEON(R) PLATINUM 8573C,reuse,20,h14_fixed_bottom,8.142010,8.118810,8.222570,0.992206
h14-2,INTEL(R) XEON(R) PLATINUM 8573C,reuse,20,h14_fixed_tile,8.015450,7.981310,8.057160,1.007872
h14-2,INTEL(R) XEON(R) PLATINUM 8573C,reuse,20,h14_pairmul_all,8.038050,8.023090,8.057650,1.005039
h14-2,INTEL(R) XEON(R) PLATINUM 8573C,reuse,20,h14_pairmul_small,8.044310,8.031980,8.082930,1.004256
h14-2,INTEL(R) XEON(R) PLATINUM 8573C,reuse,20,ll_inline_h14,8.078550,8.067710,8.120310,1.000000
h14-2,INTEL(R) XEON(R) PLATINUM 8573C,reuse,20,v91,12.522300,12.450500,12.610000,0.645133
h14-2,INTEL(R) XEON(R) PLATINUM 8573C,reuse,21,asm_leaf_inplace,17.237900,17.071700,17.404200,0.995533
h14-2,INTEL(R) XEON(R) PLATINUM 8573C,reuse,21,asm_radix4_pair,17.376500,17.282800,17.443300,0.987592
h14-2,INTEL(R) XEON(R) PLATINUM 8573C,reuse,21,asm_radix4_pair_fixed,17.091000,16.926500,17.511100,1.004090
h14-2,INTEL(R) XEON(R) PLATINUM 8573C,reuse,21,asm_radix4_pair_large,17.297400,17.093900,18.143200,0.992109
h14-2,INTEL(R) XEON(R) PLATINUM 8573C,reuse,21,asm_radix4_pair_large_fixed,17.125800,16.996900,17.374300,1.002050
h14-2,INTEL(R) XEON(R) PLATINUM 8573C,reuse,21,asm_radix4_pair_leaf,17.300000,17.241500,17.447000,0.991960
h14-2,INTEL(R) XEON(R) PLATINUM 8573C,reuse,21,asm_radix4_serial,17.449800,17.353800,17.511000,0.983444
h14-2,INTEL(R) XEON(R) PLATINUM 8573C,reuse,21,asm_radix4_serial_large,17.360500,17.278300,17.696700,0.988503
h14-2,INTEL(R) XEON(R) PLATINUM 8573C,reuse,21,h14_fixed_bottom,17.115600,17.019800,17.195600,1.002647
h14-2,INTEL(R) XEON(R) PLATINUM 8573C,reuse,21,h14_fixed_tile,17.111000,16.981800,17.314200,1.002916
h14-2,INTEL(R) XEON(R) PLATINUM 8573C,reuse,21,h14_pairmul_all,17.212700,17.132900,17.255100,0.996991
h14-2,INTEL(R) XEON(R) PLATINUM 8573C,reuse,21,h14_pairmul_small,17.248900,17.050800,17.471500,0.994898
h14-2,INTEL(R) XEON(R) PLATINUM 8573C,reuse,21,ll_inline_h14,17.160900,17.049700,17.264200,1.000000
h14-2,INTEL(R) XEON(R) PLATINUM 8573C,reuse,21,v91,26.524100,26.418400,26.829300,0.646993
h14-2,INTEL(R) XEON(R) PLATINUM 8573C,reuse,22,asm_leaf_inplace,37.674900,37.352100,38.130000,0.997335
h14-2,INTEL(R) XEON(R) PLATINUM 8573C,reuse,22,asm_radix4_pair,37.919100,37.620300,38.298900,0.990912
h14-2,INTEL(R) XEON(R) PLATINUM 8573C,reuse,22,asm_radix4_pair_fixed,37.198900,37.009300,37.747800,1.010097
h14-2,INTEL(R) XEON(R) PLATINUM 8573C,reuse,22,asm_radix4_pair_large,37.700800,37.558200,37.816400,0.996650
h14-2,INTEL(R) XEON(R) PLATINUM 8573C,reuse,22,asm_radix4_pair_large_fixed,37.112700,36.764100,37.744900,1.012443
h14-2,INTEL(R) XEON(R) PLATINUM 8573C,reuse,22,asm_radix4_pair_leaf,37.959100,37.557400,38.151600,0.989868
h14-2,INTEL(R) XEON(R) PLATINUM 8573C,reuse,22,asm_radix4_serial,37.964900,37.780700,38.397200,0.989717
h14-2,INTEL(R) XEON(R) PLATINUM 8573C,reuse,22,asm_radix4_serial_large,37.877300,37.423500,38.273900,0.992006
h14-2,INTEL(R) XEON(R) PLATINUM 8573C,reuse,22,h14_fixed_bottom,37.151600,36.819800,37.647700,1.011383
h14-2,INTEL(R) XEON(R) PLATINUM 8573C,reuse,22,h14_fixed_tile,37.294800,37.114700,37.725800,1.007500
h14-2,INTEL(R) XEON(R) PLATINUM 8573C,reuse,22,h14_pairmul_all,37.675300,37.167500,37.956300,0.997325
h14-2,INTEL(R) XEON(R) PLATINUM 8573C,reuse,22,h14_pairmul_small,37.588400,37.251000,38.031000,0.999630
h14-2,INTEL(R) XEON(R) PLATINUM 8573C,reuse,22,ll_inline_h14,37.574500,37.315100,38.006300,1.000000
h14-2,INTEL(R) XEON(R) PLATINUM 8573C,reuse,22,v91,58.802200,58.123100,60.468200,0.638998
