case,program,wall_ms,exit,output_sha256_ok
example_00,submission,130,0,0
example_01,submission,133,0,0
small_00,submission,139,0,0
small_01,submission,112,0,0
small_02,submission,120,0,0
small_03,submission,138,0,0
small_04,submission,119,0,0
small_05,submission,198,0,0
small_06,submission,120,0,0
small_07,submission,231,0,0
small_08,submission,112,0,0
small_09,submission,113,0,0
small_10,submission,170,0,0
small_11,submission,189,0,0
small_12,submission,170,0,0
small_13,submission,317,0,0
small_14,submission,251,0,0
small_15,submission,292,0,0
medium_00,submission,530,0,0
medium_01,submission,119,0,0
medium_02,submission,158,0,0
random_00,submission,318,0,0
random_01,submission,339,0,0
random_02,submission,525,0,0
max_random_00,submission,572,0,0
max_random_01,submission,581,0,0
fft_killer_00,submission,588,0,0
fft_killer_01,submission,575,0,0
fft_killer_02,submission,570,0,0
fft_killer_03,submission,581,0,0
fft_killer_04,submission,672,0,0
fft_killer_05,submission,597,0,0
fft_killer_06,submission,580,0,0
fft_killer_07,submission,579,0,0
fft_killer_08,submission,571,0,0
fft_killer_09,submission,578,0,0
medium_all_zero_00,submission,128,0,0
medium_all_zero_01,submission,119,0,0
medium_all_zero_02,submission,119,0,0
max_ans_zero_00,submission,598,0,0
signed_overflow_00,submission,159,0,0
unsigned_overflow_00,submission,195,0,0
medium_pre_suf_zero_00,submission,155,0,0
medium_pre_suf_zero_01,submission,255,0,0
medium_pre_suf_zero_02,submission,360,0,0
medium_pre_suf_zero_03,submission,149,0,0
medium_pre_suf_zero_04,submission,123,0,0
small_and_large_00,submission,802,0,0
small_and_large_01,submission,762,0,0
small_and_large_02,submission,1163,0,0
small_and_large_03,submission,469,0,0
all_same_00,submission,571,0,0
all_same_01,submission,563,0,0
all_same_02,submission,594,0,0
